locus	alleles	gene	psroc_label	CADD_phred	REVEL_score	MetaLR_score	VEST4_score
chr13:32322541	["A","C"]	BRCA2	0	1,0160e+01	2,6360e-01	3,6740e-01	NA
chr13:32323761	["C","T"]	BRCA2	1	2,5870e+01	9,1400e-01	NA	3,7360e-01
chr13:32324391	["A","C"]	BRCA2	1	2,8720e+01	5,7670e-01	NA	NA
chr13:32328324	["T","C"]	BRCA2	1	NA	8,5380e-01	6,4840e-01	NA
chr13:32328559	["G","T"]	BRCA2	0	7,2300e+00	2,9250e-01	6,3100e-01	5,0790e-01
chr13:32335375	["C","G"]	BRCA2	0	1,6100e+00	0,0000e+00	2,6680e-01	5,7370e-01
chr13:32338491	["G","A"]	BRCA2	0	1,4700e+00	2,6600e-01	2,8380e-01	5,6380e-01
chr13:32340399	["T","C"]	BRCA2	0	NA	1,5590e-01	4,8710e-01	3,4110e-01
chr13:32347184	["C","A"]	BRCA2	1	NA	5,6440e-01	5,1520e-01	8,5200e-02
chr13:32347828	["A","G"]	BRCA2	1	NA	8,4700e-01	6,5870e-01	NA
chr13:32350056	["C","T"]	BRCA2	0	5,7900e+00	2,6730e-01	4,4000e-03	1,4990e-01
chr13:32350783	["G","T"]	BRCA2	0	1,0590e+01	1,0190e-01	4,4480e-01	1,0440e-01
chr13:32351351	["A","C"]	BRCA2	0	5,0400e+00	1,2220e-01	5,4060e-01	NA
chr13:32351507	["C","A"]	BRCA2	1	2,2120e+01	9,4080e-01	7,3280e-01	NA
chr13:32353555	["T","A"]	BRCA2	1	2,2910e+01	6,4610e-01	6,6340e-01	6,5980e-01
chr13:32368355	["T","C"]	BRCA2	0	9,1800e+00	9,9400e-02	NA	NA
chr13:32370419	["A","G"]	BRCA2	1	2,3480e+01	8,0060e-01	7,4720e-01	NA
chr13:32372519	["G","T"]	BRCA2	0	7,8300e+00	3,6690e-01	3,0040e-01	NA
chr13:32378785	["A","T"]	BRCA2	1	1,9610e+01	6,8110e-01	8,1990e-01	2,3980e-01
chr13:32385096	["C","A"]	BRCA2	1	2,6450e+01	5,7710e-01	5,7400e-02	6,9600e-02
chr13:32385370	["A","G"]	BRCA2	1	1,3570e+01	1,0000e+00	5,8780e-01	NA
chr13:32385783	["A","T"]	BRCA2	1	1,5480e+01	7,1660e-01	6,7530e-01	6,2360e-01
chr13:32386597	["A","G"]	BRCA2	0	6,2200e+00	NA	3,9960e-01	3,3700e-01
chr13:32388649	["C","T"]	BRCA2	1	2,0730e+01	6,8150e-01	3,4970e-01	NA
chr13:32389933	["T","A"]	BRCA2	1	NA	6,5630e-01	6,0790e-01	NA
chr13:32391589	["G","C"]	BRCA2	0	1,0520e+01	2,4490e-01	3,9300e-01	NA
chr13:32391708	["T","G"]	BRCA2	1	2,5370e+01	6,3080e-01	1,6620e-01	NA
chr13:32396502	["A","C"]	BRCA2	0	8,5800e+00	1,3700e-02	2,6400e-01	2,5220e-01
chr13:32399782	["A","C"]	BRCA2	1	2,3550e+01	3,4120e-01	6,6270e-01	NA
chr13:32400266	["G","C"]	BRCA2	1	1,2540e+01	7,6700e-01	7,7700e-01	NA
chr17:7669040	["A","G"]	TP53	1	NA	6,9970e-01	6,0010e-01	NA
chr17:7669670	["T","A"]	TP53	0	6,9600e+00	2,7250e-01	6,5700e-02	NA
chr17:7670323	["C","G"]	TP53	0	9,1700e+00	NA	3,3980e-01	0,0000e+00
chr17:7671441	["T","A"]	TP53	1	2,8290e+01	9,5460e-01	6,9570e-01	7,1280e-01
chr17:7671982	["C","A"]	TP53	1	2,7200e+01	6,8140e-01	NA	8,1470e-01
chr17:7672367	["C","A"]	TP53	1	2,2050e+01	8,8600e-01	7,1310e-01	NA
chr17:7673731	["G","C"]	TP53	1	2,7220e+01	8,3360e-01	9,0850e-01	5,2510e-01
chr17:7674641	["A","C"]	TP53	1	3,1630e+01	6,9490e-01	7,5510e-01	4,2410e-01
chr17:7675073	["G","T"]	TP53	0	NA	NA	4,7250e-01	3,4470e-01
chr17:7675369	["T","C"]	TP53	1	3,1610e+01	7,6270e-01	7,0920e-01	5,5520e-01
chr17:7675588	["C","T"]	TP53	1	2,1910e+01	8,2380e-01	2,3330e-01	5,5440e-01
chr17:7675625	["T","G"]	TP53	1	1,7830e+01	7,8550e-01	7,6180e-01	5,7300e-02
chr17:7676109	["T","A"]	TP53	0	9,0200e+00	1,4130e-01	NA	2,7300e-01
chr17:7676159	["C","A"]	TP53	0	7,6000e+00	3,7270e-01	2,3050e-01	1,0300e-01
chr17:7676223	["G","C"]	TP53	0	9,7800e+00	3,1220e-01	2,7510e-01	4,6540e-01
chr17:7676985	["C","T"]	TP53	0	7,5600e+00	3,2810e-01	3,9150e-01	3,6940e-01
chr17:7677032	["C","T"]	TP53	1	2,4730e+01	7,7140e-01	7,7220e-01	4,8570e-01
chr17:7677247	["C","T"]	TP53	1	2,7800e+01	9,1880e-01	7,5520e-01	3,7780e-01
chr17:7677548	["G","T"]	TP53	0	9,1800e+00	8,0300e-02	2,7770e-01	NA
chr17:7679229	["A","T"]	TP53	1	2,0560e+01	6,2780e-01	7,0580e-01	NA
chr17:7679729	["G","C"]	TP53	0	3,3600e+00	2,5440e-01	1,5450e-01	NA
chr17:7680252	["C","T"]	TP53	1	2,5490e+01	9,2350e-01	8,7940e-01	7,7030e-01
chr17:7682485	["C","A"]	TP53	0	5,4700e+00	1,2590e-01	2,8700e-01	5,4450e-01
chr17:7683976	["C","G"]	TP53	1	2,6320e+01	8,0140e-01	5,0030e-01	NA
chr17:7684978	["G","A"]	TP53	0	1,7650e+01	2,9600e-01	9,6600e-02	NA
chr17:7685740	["G","T"]	TP53	1	3,0200e+01	8,9080e-01	5,7100e-01	5,7850e-01
chr17:7686272	["A","T"]	TP53	1	1,9950e+01	6,5950e-01	9,6420e-01	NA
chr17:7686575	["G","T"]	TP53	0	1,2280e+01	0,0000e+00	2,6470e-01	NA
chr17:7687380	["A","T"]	TP53	0	1,4220e+01	1,2010e-01	5,9830e-01	5,8920e-01
chr17:43047052	["C","T"]	BRCA1	1	2,5310e+01	7,6370e-01	5,5370e-01	4,8350e-01
chr17:43048200	["A","C"]	BRCA1	1	3,1220e+01	7,1340e-01	7,4070e-01	0,0000e+00
chr17:43050867	["T","G"]	BRCA1	0	1,4020e+01	1,5650e-01	2,2540e-01	6,0830e-01
chr17:43050925	["A","C"]	BRCA1	0	1,5790e+01	0,0000e+00	5,0190e-01	5,9350e-01
chr17:43051887	["C","T"]	BRCA1	1	1,6940e+01	7,8730e-01	3,6000e-01	6,4230e-01
chr17:43062668	["T","A"]	BRCA1	1	2,7200e+01	7,7970e-01	6,0890e-01	NA
chr17:43063021	["G","A"]	BRCA1	1	2,6790e+01	7,7750e-01	NA	9,5760e-01
chr17:43067804	["G","C"]	BRCA1	0	1,8850e+01	8,7800e-02	NA	5,0760e-01
chr17:43072055	["C","T"]	BRCA1	1	3,0140e+01	9,7430e-01	5,9790e-01	NA
chr17:43074316	["A","G"]	BRCA1	1	1,7600e+01	8,0040e-01	4,6300e-01	NA
chr17:43078959	["A","C"]	BRCA1	0	1,4380e+01	1,9220e-01	3,2270e-01	3,5020e-01
chr17:43079055	["T","C"]	BRCA1	0	9,0700e+00	4,3800e-02	2,7270e-01	NA
chr17:43090125	["G","A"]	BRCA1	0	1,3680e+01	2,5650e-01	1,6950e-01	3,8980e-01
chr17:43090733	["T","C"]	BRCA1	1	3,1840e+01	7,3080e-01	6,4100e-01	8,8820e-01
chr17:43094783	["C","G"]	BRCA1	0	7,7500e+00	1,7850e-01	3,2590e-01	NA
chr17:43104224	["G","A"]	BRCA1	0	1,6090e+01	3,9300e-01	3,8800e-01	NA
chr17:43117814	["A","C"]	BRCA1	0	1,4650e+01	1,7540e-01	4,3660e-01	2,8640e-01
chr17:43120175	["A","T"]	BRCA1	0	1,2510e+01	2,4850e-01	NA	NA
chr17:43123426	["G","A"]	BRCA1	1	3,0480e+01	5,9360e-01	8,3450e-01	NA
chr17:43128105	["A","C"]	BRCA1	1	1,6420e+01	9,0130e-01	8,5220e-01	NA
chr17:43130968	["C","G"]	BRCA1	1	3,2140e+01	7,9050e-01	9,6890e-01	5,1650e-01
chr17:43131979	["T","A"]	BRCA1	1	2,1100e+01	9,3810e-01	5,7050e-01	NA
chr17:43133360	["G","A"]	BRCA1	0	1,7200e+01	1,4800e-02	1,3260e-01	3,3860e-01
chr17:43133648	["G","T"]	BRCA1	1	2,8950e+01	7,3370e-01	NA	6,3450e-01
chr17:43136283	["A","T"]	BRCA1	1	3,5070e+01	4,5440e-01	1,0000e+00	NA
chr17:43143356	["A","C"]	BRCA1	1	2,2670e+01	9,7530e-01	7,9370e-01	7,8150e-01
chr17:43143753	["C","T"]	BRCA1	1	2,0160e+01	7,3560e-01	7,6040e-01	5,6330e-01
chr17:43154614	["C","A"]	BRCA1	1	3,1870e+01	6,5460e-01	5,0080e-01	6,1370e-01
chr17:43159542	["C","G"]	BRCA1	0	1,0130e+01	7,8100e-02	4,5420e-01	3,6980e-01
chr17:43162126	["A","G"]	BRCA1	0	9,8700e+00	2,0120e-01	3,8660e-01	NA
chr17:43162959	["A","C"]	BRCA1	0	1,5150e+01	2,1370e-01	6,0920e-01	4,0360e-01
